{"cameraMode":{"drawMode":0,"name":"Shaded","section":"Shading Mode"},"sceneLighting":true,"audioPlay":false,"sceneViewState":{"m_AlwaysRefresh":false,"showFog":true,"showSkybox":true,"showFlares":true,"showImageEffects":true,"showParticleSystems":true,"showVisualEffectGraphs":true,"m_FxEnabled":true},"in2DMode":false,"pivot":{"x":2.9134790897369386,"y":1.3321959972381592,"z":0.8404585719108582},"rotation":{"x":0.046574559062719348,"y":0.18325068056583405,"z":-0.008712014183402062,"w":0.9819450378417969},"size":1.4548431634902955,"orthographic":false}